{"cameraMode":{"drawMode":0,"name":"Shaded","section":"Shading Mode"},"sceneLighting":false,"audioPlay":false,"sceneViewState":{"showFog":true,"showMaterialUpdate":false,"showSkybox":false,"showFlares":true,"showImageEffects":true,"showParticleSystems":true},"in2DMode":false,"pivot":{"x":1.476480484008789,"y":1.2404212951660157,"z":-6.115407943725586},"rotation":{"x":0.11302147060632706,"y":0.7442246079444885,"z":-0.13035710155963899,"w":0.6452637910842896},"size":23.39278793334961,"orthographic":false}