{"cameraMode":{"drawMode":0,"name":"Shaded","section":"Shading Mode"},"sceneLighting":false,"audioPlay":false,"sceneViewState":{"showFog":true,"showMaterialUpdate":false,"showSkybox":true,"showFlares":true,"showImageEffects":true,"showParticleSystems":true},"in2DMode":false,"pivot":{"x":35.69219207763672,"y":3.3935546875,"z":28.18658447265625},"rotation":{"x":-0.0008628382347524166,"y":-0.9476802349090576,"z":0.3192109763622284,"w":-0.002562582027167082},"size":1231.496826171875,"orthographic":false}