{"cameraMode":{"drawMode":0,"name":"Shaded","section":"Shading Mode"},"sceneLighting":false,"audioPlay":false,"sceneViewState":{"showFog":true,"showMaterialUpdate":false,"showSkybox":true,"showFlares":true,"showImageEffects":true,"showParticleSystems":true},"in2DMode":false,"pivot":{"x":150.21788024902345,"y":1.8015414476394654,"z":-253.8560333251953},"rotation":{"x":-0.10963995009660721,"y":0.2457266002893448,"z":-0.027984531596302987,"w":-0.9627130627632141},"size":133.58828735351563,"orthographic":false}