{"cameraMode":{"drawMode":0,"name":"Shaded","section":"Shading Mode"},"sceneLighting":false,"audioPlay":false,"sceneViewState":{"showFog":true,"showMaterialUpdate":false,"showSkybox":false,"showFlares":true,"showImageEffects":true,"showParticleSystems":true},"in2DMode":false,"pivot":{"x":1.8156005144119263,"y":1.5253734588623047,"z":0.06796997785568237},"rotation":{"x":0.17584997415542603,"y":0.7751309275627136,"z":-0.24564792215824128,"w":0.5548931360244751},"size":23.39278793334961,"orthographic":false}